version,size,arr0,arr1,arr2,arr3,time_alloc,time_init,time_seq_baseline,time_thread_create,time_compute,time_thread_join,time_cleanup,time_total,verification,user
sequential,100000,90035,90055,90118,90013,0.000018,0.011506,0.0,0.0,0.000150,0.0,0.0,0.011739,PASS,marrln
parallel,100000,90035,90055,90118,90013,0.000015,0.012733,0.000131,0.002233,0.003925,0.000000,0.000101,0.019138,PASS,marrln
sequential,1000000,900122,899957,900016,900098,0.000016,0.126613,0.0,0.0,0.001568,0.0,0.0,0.128571,PASS,marrln
parallel,1000000,900122,899957,900016,900098,0.000015,0.059078,0.001632,0.001232,0.013117,0.000000,0.003806,0.078880,PASS,marrln
sequential,5000000,4500781,4499759,4499068,4499779,0.000019,0.473376,0.0,0.0,0.011317,0.0,0.0,0.487927,PASS,marrln
parallel,5000000,4500781,4499759,4499068,4499779,0.000017,0.988889,0.011146,0.000192,0.034338,0.000001,0.002453,1.037036,PASS,marrln
